Uncertainty,Type,Construction,Up,Down,Plot,ttH,ttH_PTH_0_60,ttH_PTH_60_120,ttH_PTH_120_200,ttH_PTH_200_300,ttH_PTH_300_450,ttH_PTH_GT450,ttH_hbb,ttH_hnonbb,ttH_hcc,ttH_htt,ttH_hgg,ttH_hgluglu,ttH_hww,ttH_hzz,ttH_hzg,ttlf,ttbb,ttbb_SL,ttbb_DL,ttbb_5FS,ttbb_split,ttb,tt2b,ttcc,singlet,tHW,tHW_hbb,tHW_hcc,tHW_htt,tHW_hgg,tHW_hgluglu,tHW_hww,tHW_hzz,tHW_hzg,tHW_hnonbb,tHq,tHq_hbb,tHq_hcc,tHq_htt,tHq_hgg,tHq_hgluglu,tHq_hww,tHq_hzz,tHq_hzg,tHq_hnonbb,zjets,wjets,ttbarW,ttbarZ,diboson,ttH_PTH_0_60_hbb,ttH_PTH_0_60_hcc,ttH_PTH_0_60_htt,ttH_PTH_0_60_hgg,ttH_PTH_0_60_hgluglu,ttH_PTH_0_60_hww,ttH_PTH_0_60_hzz,ttH_PTH_0_60_hzg,ttH_PTH_60_120_hbb,ttH_PTH_60_120_hcc,ttH_PTH_60_120_htt,ttH_PTH_60_120_hgg,ttH_PTH_60_120_hgluglu,ttH_PTH_60_120_hww,ttH_PTH_60_120_hzz,ttH_PTH_60_120_hzg,ttH_PTH_120_200_hbb,ttH_PTH_120_200_hcc,ttH_PTH_120_200_htt,ttH_PTH_120_200_hgg,ttH_PTH_120_200_hgluglu,ttH_PTH_120_200_hww,ttH_PTH_120_200_hzz,ttH_PTH_120_200_hzg,ttH_PTH_200_300_hbb,ttH_PTH_200_300_hcc,ttH_PTH_200_300_htt,ttH_PTH_200_300_hgg,ttH_PTH_200_300_hgluglu,ttH_PTH_200_300_hww,ttH_PTH_200_300_hzz,ttH_PTH_200_300_hzg,ttH_PTH_300_450_hbb,ttH_PTH_300_450_hcc,ttH_PTH_300_450_htt,ttH_PTH_300_450_hgg,ttH_PTH_300_450_hgluglu,ttH_PTH_300_450_hww,ttH_PTH_300_450_hzz,ttH_PTH_300_450_hzg,ttH_PTH_GT450_hbb,ttH_PTH_GT450_hcc,ttH_PTH_GT450_htt,ttH_PTH_GT450_hgg,ttH_PTH_GT450_hgluglu,ttH_PTH_GT450_hww,ttH_PTH_GT450_hzz,ttH_PTH_GT450_hzg
CMS_ttHbb_L1PreFiring_2017,shape,weight,"""dummyWeight_L1PreFiringUp:=(DEFAULTWEIGHT*LEPTONSFS*TRIGGERSFS*(Weight_L1ECALPrefireUp/Weight_L1ECALPrefire))*DOWEIGHTS""","""dummyWeight_L1PreFiringDown:=(DEFAULTWEIGHT*LEPTONSFS*TRIGGERSFS*(Weight_L1ECALPrefireDown/Weight_L1ECALPrefire))*DOWEIGHTS""",-,1,1,1,1,1,1,1,1,1,1,1,1,1,1,1,1,1,1,1,1,1,1,1,1,1,1,1,1,1,1,1,1,1,1,1,1,1,1,1,1,1,1,1,1,1,1,1,1,1,1,1,1,1,1,1,1,1,1,1,1,1,1,1,1,1,1,1,1,1,1,1,1,1,1,1,1,1,1,1,1,1,1,1,1,1,1,1,1,1,1,1,1,1,1,1,1,1,1,1
lumi_13TeV,lnN,rate,-,-,-,x,x,x,x,x,x,x,x,x,x,x,x,x,x,x,x,x,x,x,x,x,x,x,x,x,x,x,x,x,x,x,x,x,x,x,x,x,x,x,x,x,x,x,x,x,x,x,x,x,x,x,x,x,x,x,x,x,x,x,x,x,x,x,x,x,x,x,x,x,x,x,x,x,x,x,x,x,x,x,x,x,x,x,x,x,x,x,x,x,x,x,x,x,x,x,x,x,x,x
QCDscale_ttH,lnN,rate,-,-,-,0.908/1.058,0.908/1.058,0.908/1.058,0.908/1.058,0.908/1.058,0.908/1.058,0.908/1.058,0.908/1.058,0.908/1.058,0.908/1.058,0.908/1.058,0.908/1.058,0.908/1.058,0.908/1.058,0.908/1.058,0.908/1.058,-,-,-,-,-,-,-,-,-,-,,,,,,,,,,,,,,,,,,,,,,,,,,0.908/1.058,0.908/1.058,0.908/1.058,0.908/1.058,0.908/1.058,0.908/1.058,0.908/1.058,0.908/1.058,0.908/1.058,0.908/1.058,0.908/1.058,0.908/1.058,0.908/1.058,0.908/1.058,0.908/1.058,0.908/1.058,0.908/1.058,0.908/1.058,0.908/1.058,0.908/1.058,0.908/1.058,0.908/1.058,0.908/1.058,0.908/1.058,0.908/1.058,0.908/1.058,0.908/1.058,0.908/1.058,0.908/1.058,0.908/1.058,0.908/1.058,0.908/1.058,0.908/1.058,0.908/1.058,0.908/1.058,0.908/1.058,0.908/1.058,0.908/1.058,0.908/1.058,0.908/1.058,0.908/1.058,0.908/1.058,0.908/1.058,0.908/1.058,0.908/1.058,0.908/1.058,0.908/1.058,0.908/1.058
QCDscale_tHq,lnN,rate,-,-,-,-,-,-,-,-,-,-,-,-,-,-,-,-,-,-,-,-,-,-,-,-,-,-,-,-,,,,,,,,,,,,0.851/1.065,0.851/1.065,0.851/1.065,0.851/1.065,0.851/1.065,0.851/1.065,0.851/1.065,0.851/1.065,0.851/1.065,0.851/1.065,,,,,,-,-,-,-,-,-,-,-,-,-,-,-,-,-,-,-,-,-,-,-,-,-,-,-,-,-,-,-,-,-,-,-,-,-,-,-,-,-,-,-,-,-,-,-,-,-,-,-
QCDscale_tHW,lnN,rate,-,-,-,-,-,-,-,-,-,-,-,-,-,-,-,-,-,-,-,-,-,-,-,-,-,-,-,-,,0.933/1.049,0.933/1.049,0.933/1.049,0.933/1.049,0.933/1.049,0.933/1.049,0.933/1.049,0.933/1.049,0.933/1.049,0.933/1.049,,,,,,,,,,,,,,,,-,-,-,-,-,-,-,-,-,-,-,-,-,-,-,-,-,-,-,-,-,-,-,-,-,-,-,-,-,-,-,-,-,-,-,-,-,-,-,-,-,-,-,-,-,-,-,-
QCDscale_ttbar,lnN,rate,-,-,-,-,-,-,-,-,-,-,-,-,-,-,-,-,-,-,-,0.965/1.024,0.965/1.024,0.965/1.024,0.965/1.024,0.965/1.024,0.965/1.024,0.965/1.024,0.965/1.024,0.965/1.024,-,,,,,,,,,,,,,,,,,,,,,,,0.836/1.255,0.907/1.081,,-,-,-,-,-,-,-,-,-,-,-,-,-,-,-,-,-,-,-,-,-,-,-,-,-,-,-,-,-,-,-,-,-,-,-,-,-,-,-,-,-,-,-,-,-,-,-,-
QCDscale_singlet,lnN,rate,-,-,-,-,-,-,-,-,-,-,-,-,-,-,-,-,-,-,-,-,-,-,-,-,-,-,-,-,0.979/1.031,,,,,,,,,,,,,,,,,,,,,,,,,,-,-,-,-,-,-,-,-,-,-,-,-,-,-,-,-,-,-,-,-,-,-,-,-,-,-,-,-,-,-,-,-,-,-,-,-,-,-,-,-,-,-,-,-,-,-,-,-
QCDscale_V,lnN,rate,-,-,-,-,-,-,-,-,-,-,-,-,-,-,-,-,-,-,-,-,-,-,-,-,-,-,-,-,-,,,,,,,,,,,,,,,,,,,,,1.02,1.038,,,,-,-,-,-,-,-,-,-,-,-,-,-,-,-,-,-,-,-,-,-,-,-,-,-,-,-,-,-,-,-,-,-,-,-,-,-,-,-,-,-,-,-,-,-,-,-,-,-
QCDscale_VV,lnN,rate,-,-,-,-,-,-,-,-,-,-,-,-,-,-,-,-,-,-,-,-,-,-,-,-,-,-,-,-,-,,,,,,,,,,,,,,,,,,,,,,,,,1.03,-,-,-,-,-,-,-,-,-,-,-,-,-,-,-,-,-,-,-,-,-,-,-,-,-,-,-,-,-,-,-,-,-,-,-,-,-,-,-,-,-,-,-,-,-,-,-,-
pdf_Higgs_ttH,lnN,rate,-,-,-,1.036,1.036,1.036,1.036,1.036,1.036,1.036,1.036,1.036,1.036,1.036,1.036,1.036,1.036,1.036,1.036,-,-,-,-,-,-,-,-,-,-,,,,,,,,,,,,,,,,,,,,,,,,,,1.036,1.036,1.036,1.036,1.036,1.036,1.036,1.036,1.036,1.036,1.036,1.036,1.036,1.036,1.036,1.036,1.036,1.036,1.036,1.036,1.036,1.036,1.036,1.036,1.036,1.036,1.036,1.036,1.036,1.036,1.036,1.036,1.036,1.036,1.036,1.036,1.036,1.036,1.036,1.036,1.036,1.036,1.036,1.036,1.036,1.036,1.036,1.036
pdf_Higgs_tHq,lnN,rate,-,-,-,-,-,-,-,-,-,-,-,-,-,-,-,-,-,-,-,-,-,-,-,-,-,-,-,-,,,,,,,,,,,,1.037,1.037,1.037,1.037,1.037,1.037,1.037,1.037,1.037,1.037,,,,,,-,-,-,-,-,-,-,-,-,-,-,-,-,-,-,-,-,-,-,-,-,-,-,-,-,-,-,-,-,-,-,-,-,-,-,-,-,-,-,-,-,-,-,-,-,-,-,-
pdf_Higgs_tHW,lnN,rate,-,-,-,-,-,-,-,-,-,-,-,-,-,-,-,-,-,-,-,-,-,-,-,-,-,-,-,-,,1.063,1.063,1.063,1.063,1.063,1.063,1.063,1.063,1.063,1.063,,,,,,,,,,,,,,,,-,-,-,-,-,-,-,-,-,-,-,-,-,-,-,-,-,-,-,-,-,-,-,-,-,-,-,-,-,-,-,-,-,-,-,-,-,-,-,-,-,-,-,-,-,-,-,-
pdf_gg,lnN,rate,-,-,-,-,-,-,-,-,-,-,-,-,-,-,-,-,-,-,-,1.042,1.042,1.042,1.042,1.042,1.042,1.042,1.042,1.042,-,,,,,,,,,,,,,,,,,,,,,,,,1.035,,-,-,-,-,-,-,-,-,-,-,-,-,-,-,-,-,-,-,-,-,-,-,-,-,-,-,-,-,-,-,-,-,-,-,-,-,-,-,-,-,-,-,-,-,-,-,-,-
pdf_qqbar,lnN,rate,-,-,-,-,-,-,-,-,-,-,-,-,-,-,-,-,-,-,-,-,-,-,-,-,-,-,-,-,-,,,,,,,,,,,,,,,,,,,,,1.002,0.996/1.008,1.036,,1.05,-,-,-,-,-,-,-,-,-,-,-,-,-,-,-,-,-,-,-,-,-,-,-,-,-,-,-,-,-,-,-,-,-,-,-,-,-,-,-,-,-,-,-,-,-,-,-,-
pdf_qg,lnN,rate,-,-,-,-,-,-,-,-,-,-,-,-,-,-,-,-,-,-,-,-,-,-,-,-,-,-,-,-,1.028,,,,,,,,,,,,,,,,,,,,,,,,,,-,-,-,-,-,-,-,-,-,-,-,-,-,-,-,-,-,-,-,-,-,-,-,-,-,-,-,-,-,-,-,-,-,-,-,-,-,-,-,-,-,-,-,-,-,-,-,-
#,,,,,,,,,,,,,,,,,,,,,,,,,,,,,,,,,,,,,,,,,,,,,,,,,,,,,,,,,,,,,,,,,,,,,,,,,,,,,,,,,,,,,,,,,,,,,,,,,,,,,,,,
CMS_effTrigger_m_2017,shape,weight,"""dummyWeight_CMS_ttH_effTrigger_muUp:=DEFAULTWEIGHT*LEPTONSFS*MUTRIGSUP*1.0*DOWEIGHTS""","""dummyWeight_CMS_ttH_effTrigger_muDown:=DEFAULTWEIGHT*LEPTONSFS*MUTRIGSDOWN*1.0*DOWEIGHTS""",1,1,1,1,1,1,1,1,1,1,1,1,1,1,1,1,1,1,1,1,1,1,1,1,1,1,1,1,1,1,1,1,1,1,1,1,1,1,1,1,1,1,1,1,1,1,1,1,1,1,1,1,1,1,1,1,1,1,1,1,1,1,1,1,1,1,1,1,1,1,1,1,1,1,1,1,1,1,1,1,1,1,1,1,1,1,1,1,1,1,1,1,1,1,1,1,1,1,1,1
CMS_effTrigger_e_2017,shape,weight,"""dummyWeight_CMS_ttH_effTrigger_elUp:=DEFAULTWEIGHT*LEPTONSFS*ELETRIGSUP*1.0*DOWEIGHTS""","""dummyWeight_CMS_ttH_effTrigger_elDown:=DEFAULTWEIGHT*LEPTONSFS*ELETRIGSDOWN*1.0*DOWEIGHTS""",1,1,1,1,1,1,1,1,1,1,1,1,1,1,1,1,1,1,1,1,1,1,1,1,1,1,1,1,1,1,1,1,1,1,1,1,1,1,1,1,1,1,1,1,1,1,1,1,1,1,1,1,1,1,1,1,1,1,1,1,1,1,1,1,1,1,1,1,1,1,1,1,1,1,1,1,1,1,1,1,1,1,1,1,1,1,1,1,1,1,1,1,1,1,1,1,1,1,1,1
CMS_eff_m_2017,shape,weight,"""dummyWeight_CMS_ttH_eff_muUp:=DEFAULTWEIGHT*MUSFUP*TRIGGERSFS*1.0*DOWEIGHTS""","""dummyWeight_CMS_ttH_eff_muDown:=DEFAULTWEIGHT*MUSFDOWN*TRIGGERSFS*1.0*DOWEIGHTS""",1,1,1,1,1,1,1,1,1,1,1,1,1,1,1,1,1,1,1,1,1,1,1,1,1,1,1,1,1,1,1,1,1,1,1,1,1,1,1,1,1,1,1,1,1,1,1,1,1,1,1,1,1,1,1,1,1,1,1,1,1,1,1,1,1,1,1,1,1,1,1,1,1,1,1,1,1,1,1,1,1,1,1,1,1,1,1,1,1,1,1,1,1,1,1,1,1,1,1,1
CMS_eff_e_2017,shape,weight,"""dummyWeight_CMS_ttH_eff_elUp:=DEFAULTWEIGHT*ELESFUP*TRIGGERSFS*1.0*DOWEIGHTS""","""dummyWeight_CMS_ttH_eff_elDown:=DEFAULTWEIGHT*ELESFDOWN*TRIGGERSFS*1.0*DOWEIGHTS""",1,1,1,1,1,1,1,1,1,1,1,1,1,1,1,1,1,1,1,1,1,1,1,1,1,1,1,1,1,1,1,1,1,1,1,1,1,1,1,1,1,1,1,1,1,1,1,1,1,1,1,,1,1,1,1,1,1,1,1,1,1,1,1,1,1,1,1,1,1,1,1,1,1,1,1,1,1,1,1,1,1,1,1,1,1,1,1,1,1,1,1,1,1,1,1,1,1,1,1
#,,,,,,,,,,,,,,,,,,,,,,,,,,,,,,,,,,,,,,,,,,,,,,,,,,,,,,,,,,,,,,,,,,,,,,,,,,,,,,,,,,,,,,,,,,,,,,,,,,,,,,,,
CMS_btag_lf,shape,weight,"""dummyWeight_CSVLFup:=(DEFAULTWEIGHT*LEPTONSFS*TRIGGERSFS*internalCSVweight_CSVLFUp)*DOWEIGHTS""","""dummyWeight_CSVLFdown:=(DEFAULTWEIGHT*LEPTONSFS*TRIGGERSFS*internalCSVweight_CSVLFDown)*DOWEIGHTS""",1,1,1,1,1,1,1,1,1,1,1,1,1,1,1,1,1,1,1,1,1,1,1,1,1,1,1,1,1,1,1,1,1,1,1,1,1,1,1,1,1,1,1,1,1,1,1,1,1,1,1,1,1,1,1,1,1,1,1,1,1,1,1,1,1,1,1,1,1,1,1,1,1,1,1,1,1,1,1,1,1,1,1,1,1,1,1,1,1,1,1,1,1,1,1,1,1,1,1,1
CMS_btag_hf,shape,weight,"""dummyWeight_CSVHFup:=(DEFAULTWEIGHT*LEPTONSFS*TRIGGERSFS*internalCSVweight_CSVHFUp)*DOWEIGHTS""","""dummyWeight_CSVHFdown:=(DEFAULTWEIGHT*LEPTONSFS*TRIGGERSFS*internalCSVweight_CSVHFDown)*DOWEIGHTS""",1,1,1,1,1,1,1,1,1,1,1,1,1,1,1,1,1,1,1,1,1,1,1,1,1,1,1,1,1,1,1,1,1,1,1,1,1,1,1,1,1,1,1,1,1,1,1,1,1,1,1,1,1,1,1,1,1,1,1,1,1,1,1,1,1,1,1,1,1,1,1,1,1,1,1,1,1,1,1,1,1,1,1,1,1,1,1,1,1,1,1,1,1,1,1,1,1,1,1,1
CMS_btag_hfstats1_2017,shape,weight,"""dummyWeight_CSVHFStats1up:=(DEFAULTWEIGHT*LEPTONSFS*TRIGGERSFS*internalCSVweight_CSVHFStats1Up)*DOWEIGHTS""","""dummyWeight_CSVHFStats1down:=(DEFAULTWEIGHT*LEPTONSFS*TRIGGERSFS*internalCSVweight_CSVHFStats1Down)*DOWEIGHTS""",1,1,1,1,1,1,1,1,1,1,1,1,1,1,1,1,1,1,1,1,1,1,1,1,1,1,1,1,1,1,1,1,1,1,1,1,1,1,1,1,1,1,1,1,1,1,1,1,1,1,1,1,1,1,1,1,1,1,1,1,1,1,1,1,1,1,1,1,1,1,1,1,1,1,1,1,1,1,1,1,1,1,1,1,1,1,1,1,1,1,1,1,1,1,1,1,1,1,1,1
CMS_btag_lfstats1_2017,shape,weight,"""dummyWeight_CSVLFStats1up:=(DEFAULTWEIGHT*LEPTONSFS*TRIGGERSFS*internalCSVweight_CSVLFStats1Up)*DOWEIGHTS""","""dummyWeight_CSVLFStats1down:=(DEFAULTWEIGHT*LEPTONSFS*TRIGGERSFS*internalCSVweight_CSVLFStats1Down)*DOWEIGHTS""",1,1,1,1,1,1,1,1,1,1,1,1,1,1,1,1,1,1,1,1,1,1,1,1,1,1,1,1,1,1,1,1,1,1,1,1,1,1,1,1,1,1,1,1,1,1,1,1,1,1,1,1,1,1,1,1,1,1,1,1,1,1,1,1,1,1,1,1,1,1,1,1,1,1,1,1,1,1,1,1,1,1,1,1,1,1,1,1,1,1,1,1,1,1,1,1,1,1,1,1
CMS_btag_hfstats2_2017,shape,weight,"""dummyWeight_CSVHFStats2up:=(DEFAULTWEIGHT*LEPTONSFS*TRIGGERSFS*internalCSVweight_CSVHFStats2Up)*DOWEIGHTS""","""dummyWeight_CSVHFStats2down:=(DEFAULTWEIGHT*LEPTONSFS*TRIGGERSFS*internalCSVweight_CSVHFStats2Down)*DOWEIGHTS""",1,1,1,1,1,1,1,1,1,1,1,1,1,1,1,1,1,1,1,1,1,1,1,1,1,1,1,1,1,1,1,1,1,1,1,1,1,1,1,1,1,1,1,1,1,1,1,1,1,1,1,1,1,1,1,1,1,1,1,1,1,1,1,1,1,1,1,1,1,1,1,1,1,1,1,1,1,1,1,1,1,1,1,1,1,1,1,1,1,1,1,1,1,1,1,1,1,1,1,1
CMS_btag_lfstats2_2017,shape,weight,"""dummyWeight_CSVLFStats2up:=(DEFAULTWEIGHT*LEPTONSFS*TRIGGERSFS*internalCSVweight_CSVLFStats2Up)*DOWEIGHTS""","""dummyWeight_CSVLFStats2down:=(DEFAULTWEIGHT*LEPTONSFS*TRIGGERSFS*internalCSVweight_CSVLFStats2Down)*DOWEIGHTS""",1,1,1,1,1,1,1,1,1,1,1,1,1,1,1,1,1,1,1,1,1,1,1,1,1,1,1,1,1,1,1,1,1,1,1,1,1,1,1,1,1,1,1,1,1,1,1,1,1,1,1,1,1,1,1,1,1,1,1,1,1,1,1,1,1,1,1,1,1,1,1,1,1,1,1,1,1,1,1,1,1,1,1,1,1,1,1,1,1,1,1,1,1,1,1,1,1,1,1,1
CMS_btag_cferr1,shape,weight,"""dummyWeight_CSVCErr1up:=(DEFAULTWEIGHT*LEPTONSFS*TRIGGERSFS*internalCSVweight_CSVCErr1Up)*DOWEIGHTS""","""dummyWeight_CSVCErr1down:=(DEFAULTWEIGHT*LEPTONSFS*TRIGGERSFS*internalCSVweight_CSVCErr1Down)*DOWEIGHTS""",1,1,1,1,1,1,1,1,1,1,1,1,1,1,1,1,1,1,1,1,1,1,1,1,1,1,1,1,1,1,1,1,1,1,1,1,1,1,1,1,1,1,1,1,1,1,1,1,1,1,1,1,1,1,1,1,1,1,1,1,1,1,1,1,1,1,1,1,1,1,1,1,1,1,1,1,1,1,1,1,1,1,1,1,1,1,1,1,1,1,1,1,1,1,1,1,1,1,1,1
CMS_btag_cferr2,shape,weight,"""dummyWeight_CSVCErr2up:=(DEFAULTWEIGHT*LEPTONSFS*TRIGGERSFS*internalCSVweight_CSVCErr2Up)*DOWEIGHTS""","""dummyWeight_CSVCErr2down:=(DEFAULTWEIGHT*LEPTONSFS*TRIGGERSFS*internalCSVweight_CSVCErr2Down)*DOWEIGHTS""",1,1,1,1,1,1,1,1,1,1,1,1,1,1,1,1,1,1,1,1,1,1,1,1,1,1,1,1,1,1,1,1,1,1,1,1,1,1,1,1,1,1,1,1,1,1,1,1,1,1,1,1,1,1,1,1,1,1,1,1,1,1,1,1,1,1,1,1,1,1,1,1,1,1,1,1,1,1,1,1,1,1,1,1,1,1,1,1,1,1,1,1,1,1,1,1,1,1,1,1
CMS_ttHbb_tt2b_glusplit,shape,weight,"""dummyWeight_CMS_ttHbb_tt2bAcceptanceup:=(DEFAULTWEIGHT*LEPTONSFS*TRIGGERSFS*(1+(GenEvt_I_TTPlusBB==2)*0.5))*DOWEIGHTS""","""dummyWeight_CMS_ttHbb_tt2bAcceptance:=(DEFAULTWEIGHT*LEPTONSFS*TRIGGERSFS*(1-(GenEvt_I_TTPlusBB==2)*0.5))*DOWEIGHTS""",1,-,-,-,-,-,-,-,-,-,-,-,-,-,-,-,-,-,1,1,1,1,1,1,1,-,-,,,,,,,,,,,,,,,,,,,,,,,,,,-,-,-,-,-,-,-,-,-,-,-,-,-,-,-,-,-,-,-,-,-,-,-,-,-,-,-,-,-,-,-,-,-,-,-,-,-,-,-,-,-,-,-,-,-,-,-,-
#,,,,,,,,,,,,,,,,,,,,,,,,,,,,,,,,,,,,,,,,,,,,,,,,,,,,,,,,,,,,,,,,,,,,,,,,,,,,,,,,,,,,,,,,,,,,,,,,,,,,,,,,
#,,,,,,,,,,,,,,,,,,,,,,,,,,,,,,,,,,,,,,,,,,,,,,,,,,,,,,,,,,,,,,,,,,,,,,,,,,,,,,,,,,,,,,,,,,,,,,,,,,,,,,,,
#CMS_ttHbb_bgnorm_ttbb,lnN,rate,-,-,-,-,-,-,-,-,-,-,-,-,-,-,-,-,-,-,-,-,x,x,x,x,x,x,x,-,-,,,,,,,,,,,,,,,,,,,,,,,,,,-,-,-,-,-,-,-,-,-,-,-,-,-,-,-,-,-,-,-,-,-,-,-,-,-,-,-,-,-,-,-,-,-,-,-,-,-,-,-,-,-,-,-,-,-,-,-,-
#CMS_ttHbb_bgnorm_ttcc,lnN,rate,-,-,-,-,-,-,-,-,-,-,-,-,-,-,-,-,-,-,-,-,-,-,-,-,-,-,-,x,-,,,,,,,,,,,,,,,,,,,,,,,,,,-,-,-,-,-,-,-,-,-,-,-,-,-,-,-,-,-,-,-,-,-,-,-,-,-,-,-,-,-,-,-,-,-,-,-,-,-,-,-,-,-,-,-,-,-,-,-,-
CMS_ttHbb_PU,shape,weight,"""dummyweight_PUUp:=(PUWEIGHTUP*LEPTONSFS*TRIGGERSFS)*DOWEIGHTS""","""dummyweight_PUDown:=(PUWEIGHTDOWN*LEPTONSFS*TRIGGERSFS)*DOWEIGHTS""",1,1,1,1,1,1,1,1,1,1,1,1,1,1,1,1,1,1,1,1,1,1,1,1,1,1,1,1,1,1,1,1,1,1,1,1,1,1,1,1,1,1,1,1,1,1,1,1,1,1,1,1,1,1,1,1,1,1,1,1,1,1,1,1,1,1,1,1,1,1,1,1,1,1,1,1,1,1,1,1,1,1,1,1,1,1,1,1,1,1,1,1,1,1,1,1,1,1,1,1
#,,,,,,,,,,,,,,,,,,,,,,,,,,,,,,,,,,,,,,,,,,,,,,,,,,,,,,,,,,,,,,,,,,,,,,,,,,,,,,,,,,,,,,,,,,,,,,,,,,,,,,,,
# CMS_scale_j,shape,variation,JESup,JESdown,1,1,1,1,1,1,1,1,1,1,1,1,1,1,1,1,1,1,1,1,1,1,1,1,1,1,1,1,1,1,1,1,1,1,1,1,1,1,1,1,1,1,1,1,1,1,1,1,1,1,1,1,1,1,1,1,1,1,1,1,1,1,1,1,1,1,1,1,1,1,1,1,1,1,1,1,1,1,1,1,1,1,1,1,1,1,1,1,1,1,1,1,1,1,1,1,1,1,1,1
CMS_scaleAbsolute_j,shape,variation,JESAbsoluteup,JESAbsolutedown,1,1,1,1,1,1,1,1,1,1,1,1,1,1,1,1,1,1,1,1,1,1,1,1,1,1,1,1,1,1,1,1,1,1,1,1,1,1,1,1,1,1,1,1,1,1,1,1,1,1,1,1,1,1,1,1,1,1,1,1,1,1,1,1,1,1,1,1,1,1,1,1,1,1,1,1,1,1,1,1,1,1,1,1,1,1,1,1,1,1,1,1,1,1,1,1,1,1,1,1
CMS_scaleAbsolute_j_2017,shape,variation,JESAbsoluteyearup,JESAbsoluteyeardown,1,1,1,1,1,1,1,1,1,1,1,1,1,1,1,1,1,1,1,1,1,1,1,1,1,1,1,1,1,1,1,1,1,1,1,1,1,1,1,1,1,1,1,1,1,1,1,1,1,1,1,1,1,1,1,1,1,1,1,1,1,1,1,1,1,1,1,1,1,1,1,1,1,1,1,1,1,1,1,1,1,1,1,1,1,1,1,1,1,1,1,1,1,1,1,1,1,1,1,1
CMS_scaleFlavorQCD_j,shape,variation,JESFlavorQCDup,JESFlavorQCDdown,1,1,1,1,1,1,1,1,1,1,1,1,1,1,1,1,1,1,1,1,1,1,1,1,1,1,1,1,1,1,1,1,1,1,1,1,1,1,1,1,1,1,1,1,1,1,1,1,1,1,1,1,1,1,1,1,1,1,1,1,1,1,1,1,1,1,1,1,1,1,1,1,1,1,1,1,1,1,1,1,1,1,1,1,1,1,1,1,1,1,1,1,1,1,1,1,1,1,1,1
CMS_scaleBBEC1_j,shape,variation,JESBBEC1up,JESBBEC1down,1,1,1,1,1,1,1,1,1,1,1,1,1,1,1,1,1,1,1,1,1,1,1,1,1,1,1,1,1,1,1,1,1,1,1,1,1,1,1,1,1,1,1,1,1,1,1,1,1,1,1,1,1,1,1,1,1,1,1,1,1,1,1,1,1,1,1,1,1,1,1,1,1,1,1,1,1,1,1,1,1,1,1,1,1,1,1,1,1,1,1,1,1,1,1,1,1,1,1,1
CMS_scaleBBEC1_j_2017,shape,variation,JESBBEC1yearup,JESBBEC1yeardown,1,1,1,1,1,1,1,1,1,1,1,1,1,1,1,1,1,1,1,1,1,1,1,1,1,1,1,1,1,1,1,1,1,1,1,1,1,1,1,1,1,1,1,1,1,1,1,1,1,1,1,1,1,1,1,1,1,1,1,1,1,1,1,1,1,1,1,1,1,1,1,1,1,1,1,1,1,1,1,1,1,1,1,1,1,1,1,1,1,1,1,1,1,1,1,1,1,1,1,1
CMS_scaleEC2_j,shape,variation,JESEC2up,JESEC2down,1,1,1,1,1,1,1,1,1,1,1,1,1,1,1,1,1,1,1,1,1,1,1,1,1,1,1,1,1,1,1,1,1,1,1,1,1,1,1,1,1,1,1,1,1,1,1,1,1,1,1,1,1,1,1,1,1,1,1,1,1,1,1,1,1,1,1,1,1,1,1,1,1,1,1,1,1,1,1,1,1,1,1,1,1,1,1,1,1,1,1,1,1,1,1,1,1,1,1,1
CMS_scaleEC2_j_2017,shape,variation,JESEC2yearup,JESEC2yeardown,1,1,1,1,1,1,1,1,1,1,1,1,1,1,1,1,1,1,1,1,1,1,1,1,1,1,1,1,1,1,1,1,1,1,1,1,1,1,1,1,1,1,1,1,1,1,1,1,1,1,1,1,1,1,1,1,1,1,1,1,1,1,1,1,1,1,1,1,1,1,1,1,1,1,1,1,1,1,1,1,1,1,1,1,1,1,1,1,1,1,1,1,1,1,1,1,1,1,1,1
CMS_scaleHF_j,shape,variation,JESHFup,JESHFdown,1,1,1,1,1,1,1,1,1,1,1,1,1,1,1,1,1,1,1,1,1,1,1,1,1,1,1,1,1,1,1,1,1,1,1,1,1,1,1,1,1,1,1,1,1,1,1,1,1,1,1,1,1,1,1,1,1,1,1,1,1,1,1,1,1,1,1,1,1,1,1,1,1,1,1,1,1,1,1,1,1,1,1,1,1,1,1,1,1,1,1,1,1,1,1,1,1,1,1,1
CMS_scaleHF_j_2017,shape,variation,JESHFyearup,JESHFyeardown,1,1,1,1,1,1,1,1,1,1,1,1,1,1,1,1,1,1,1,1,1,1,1,1,1,1,1,1,1,1,1,1,1,1,1,1,1,1,1,1,1,1,1,1,1,1,1,1,1,1,1,1,1,1,1,1,1,1,1,1,1,1,1,1,1,1,1,1,1,1,1,1,1,1,1,1,1,1,1,1,1,1,1,1,1,1,1,1,1,1,1,1,1,1,1,1,1,1,1,1
CMS_scaleRelativeBal_j,shape,variation,JESRelativeBalup,JESRelativeBaldown,1,1,1,1,1,1,1,1,1,1,1,1,1,1,1,1,1,1,1,1,1,1,1,1,1,1,1,1,1,1,1,1,1,1,1,1,1,1,1,1,1,1,1,1,1,1,1,1,1,1,1,1,1,1,1,1,1,1,1,1,1,1,1,1,1,1,1,1,1,1,1,1,1,1,1,1,1,1,1,1,1,1,1,1,1,1,1,1,1,1,1,1,1,1,1,1,1,1,1,1
CMS_scaleRelativeSample_j_2017,shape,variation,JESRelativeSampleyearup,JESRelativeSampleyeardown,1,1,1,1,1,1,1,1,1,1,1,1,1,1,1,1,1,1,1,1,1,1,1,1,1,1,1,1,1,1,1,1,1,1,1,1,1,1,1,1,1,1,1,1,1,1,1,1,1,1,1,1,1,1,1,1,1,1,1,1,1,1,1,1,1,1,1,1,1,1,1,1,1,1,1,1,1,1,1,1,1,1,1,1,1,1,1,1,1,1,1,1,1,1,1,1,1,1,1,1
#,,,,,,,,,,,,,,,,,,,,,,,,,,,,,,,,,,,,,,,,,,,,,,,,,,,,,,,,,,,,,,,,,,,,,,,,,,,,,,,,,,,,,,,,,,,,,,,,,,,,,,,,
CMS_res_j_2017,shape,variation,JERup,JERdown,1,1,1,1,1,1,1,1,1,1,1,1,1,1,1,1,1,1,1,1,1,1,1,1,1,1,1,1,1,1,1,1,1,1,1,1,1,1,1,1,1,1,1,1,1,1,1,1,1,1,1,1,1,1,1,1,1,1,1,1,1,1,1,1,1,1,1,1,1,1,1,1,1,1,1,1,1,1,1,1,1,1,1,1,1,1,1,1,1,1,1,1,1,1,1,1,1,1,1,1
#CMS_resPt0Eta0_j,shape,variation,JERpt0eta0up,JERpt0eta0down,1,1,1,1,1,1,1,1,1,1,1,1,1,1,1,1,1,1,1,1,1,1,1,1,1,1,1,1,1,1,1,1,1,1,1,1,1,1,1,1,1,1,1,1,1,1,1,1,1,1,1,1,1,1,1,1,1,1,1,1,1,1,1,1,1,1,1,1,1,1,1,1,1,1,1,1,1,1,1,1,1,1,1,1,1,1,1,1,1,1,1,1,1,1,1,1,1,1,1,1
#CMS_resPt0Eta1_j,shape,variation,JERpt0eta1up,JERpt0eta1down,1,1,1,1,1,1,1,1,1,1,1,1,1,1,1,1,1,1,1,1,1,1,1,1,1,1,1,1,1,1,1,1,1,1,1,1,1,1,1,1,1,1,1,1,1,1,1,1,1,1,1,1,1,1,1,1,1,1,1,1,1,1,1,1,1,1,1,1,1,1,1,1,1,1,1,1,1,1,1,1,1,1,1,1,1,1,1,1,1,1,1,1,1,1,1,1,1,1,1,1
#CMS_resPt1Eta0_j,shape,variation,JERpt1eta0up,JERpt1eta0down,1,1,1,1,1,1,1,1,1,1,1,1,1,1,1,1,1,1,1,1,1,1,1,1,1,1,1,1,1,1,1,1,1,1,1,1,1,1,1,1,1,1,1,1,1,1,1,1,1,1,1,1,1,1,1,1,1,1,1,1,1,1,1,1,1,1,1,1,1,1,1,1,1,1,1,1,1,1,1,1,1,1,1,1,1,1,1,1,1,1,1,1,1,1,1,1,1,1,1,1
#CMS_resPt1Eta1_j,shape,variation,JERpt1eta1up,JERpt1eta1down,1,1,1,1,1,1,1,1,1,1,1,1,1,1,1,1,1,1,1,1,1,1,1,1,1,1,1,1,1,1,1,1,1,1,1,1,1,1,1,1,1,1,1,1,1,1,1,1,1,1,1,1,1,1,1,1,1,1,1,1,1,1,1,1,1,1,1,1,1,1,1,1,1,1,1,1,1,1,1,1,1,1,1,1,1,1,1,1,1,1,1,1,1,1,1,1,1,1,1,1
#CMS_resEta2_j,shape,variation,JEReta2up,JEReta2down,1,1,1,1,1,1,1,1,1,1,1,1,1,1,1,1,1,1,1,1,1,1,1,1,1,1,1,1,1,1,1,1,1,1,1,1,1,1,1,1,1,1,1,1,1,1,1,1,1,1,1,1,1,1,1,1,1,1,1,1,1,1,1,1,1,1,1,1,1,1,1,1,1,1,1,1,1,1,1,1,1,1,1,1,1,1,1,1,1,1,1,1,1,1,1,1,1,1,1,1
#,,,,,,,,,,,,,,,,,,,,,,,,,,,,,,,,,,,,,,,,,,,,,,,,,,,,,,,,,,,,,,,,,,,,,,,,,,,,,,,,,,,,,,,,,,,,,,,,,,,,,,,,
CMS_ttHbb_PDF,shape,weight,"""dummyWeight_CMS_ttH_NNPDF_Up_PDF_RELIC:=DEFAULTWEIGHT*LEPTONSFS*TRIGGERSFS*(fmax(0.0,PDF_RELIC)*internalNormFactors.at(""PDF_RELIC""))*1.0*DOWEIGHTS""",-,1,1,1,1,1,1,1,1,1,1,1,1,1,1,1,1,1,1,-,-,-,1,-,-,-,1,-,,,,,,,,,,,,,,,,,,,,,,,,,,1,1,1,1,1,1,1,1,1,1,1,1,1,1,1,1,1,1,1,1,1,1,1,1,1,1,1,1,1,1,1,1,1,1,1,1,1,1,1,1,1,1,1,1,1,1,1,1
CMS_ttHbb_PDF_alphaS,shape,weight,"""dummyWeight_CMS_ttH_NNPDF_alphaS_Up_PDF_RELIC:=DEFAULTWEIGHT*LEPTONSFS*TRIGGERSFS*(fmax(0.0,PDF_RELIC)*internalNormFactors.at(""PDF_RELIC""))*1.0*DOWEIGHTS""",-,1,1,1,1,1,1,1,1,1,1,1,1,1,1,1,1,1,1,-,-,-,1,-,-,-,1,-,,,,,,,,,,,,,,,,,,,,,,,,,,1,1,1,1,1,1,1,1,1,1,1,1,1,1,1,1,1,1,1,1,1,1,1,1,1,1,1,1,1,1,1,1,1,1,1,1,1,1,1,1,1,1,1,1,1,1,1,1
CMS_ttHbb_PDF_tHq,shape,weight,"""dummyWeight_CMS_ttH_NNPDF_tHq_Up_PDF_RELIC:=DEFAULTWEIGHT*LEPTONSFS*TRIGGERSFS*fmax(0.0,PDF_RELIC)*internalNormFactors.at(""PDF_RELIC"")*1.0*DOWEIGHTS""",-,1,-,-,-,-,-,-,-,-,-,-,-,-,-,-,-,-,-,-,-,-,-,-,-,-,-,-,,,,,,,,,,,1,1,1,1,1,1,1,1,1,1,,,,,,-,-,-,-,-,-,-,-,-,-,-,-,-,-,-,-,-,-,-,-,-,-,-,-,-,-,-,-,-,-,-,-,-,-,-,-,-,-,-,-,-,-,-,-,-,-,-,-
CMS_ttHbb_PDF_alphaS_tHq,shape,weight,"""dummyWeight_CMS_ttH_NNPDF_alphaS_tHq_Up_PDF_RELIC:=DEFAULTWEIGHT*LEPTONSFS*TRIGGERSFS*fmax(0.0,PDF_RELIC)*internalNormFactors.at(""PDF_RELIC"")*1.0*DOWEIGHTS""",-,1,-,-,-,-,-,-,-,-,-,-,-,-,-,-,-,-,-,-,-,-,-,-,-,-,-,-,,,,,,,,,,,1,1,1,1,1,1,1,1,1,1,,,,,,-,-,-,-,-,-,-,-,-,-,-,-,-,-,-,-,-,-,-,-,-,-,-,-,-,-,-,-,-,-,-,-,-,-,-,-,-,-,-,-,-,-,-,-,-,-,-,-
CMS_ttHbb_PDF_tHW,shape,weight,"""dummyWeight_CMS_ttH_NNPDF_tHW_Up_PDF_RELIC:=DEFAULTWEIGHT*LEPTONSFS*TRIGGERSFS*fmax(0.0,PDF_RELIC)*internalNormFactors.at(""PDF_RELIC"")*1.0*DOWEIGHTS""",-,1,-,-,-,-,-,-,-,-,-,-,-,-,-,-,-,-,-,-,-,-,-,-,-,-,-,-,1,1,1,1,1,1,1,1,1,1,,,,,,,,,,,,,,,,-,-,-,-,-,-,-,-,-,-,-,-,-,-,-,-,-,-,-,-,-,-,-,-,-,-,-,-,-,-,-,-,-,-,-,-,-,-,-,-,-,-,-,-,-,-,-,-
CMS_ttHbb_PDF_alphaS_tHW,shape,weight,"""dummyWeight_CMS_ttH_NNPDF_alphaS_tHW_Up_PDF_RELIC:=DEFAULTWEIGHT*LEPTONSFS*TRIGGERSFS*(fmax(0.0,PDF_RELIC)*internalNormFactors.at(""PDF_RELIC""))*1.0*DOWEIGHTS""",-,1,-,-,-,-,-,-,-,-,-,-,-,-,-,-,-,-,-,-,-,-,-,-,-,-,-,-,1,1,1,1,1,1,1,1,1,1,,,,,,,,,,,,,,,,-,-,-,-,-,-,-,-,-,-,-,-,-,-,-,-,-,-,-,-,-,-,-,-,-,-,-,-,-,-,-,-,-,-,-,-,-,-,-,-,-,-,-,-,-,-,-,-
CMS_ttHbb_PDF_ttbbNLO,shape,weight,"""dummyWeight_CMS_ttH_NNPDF_ttbbNLO_Up_PDF_RELIC:=DEFAULTWEIGHT*LEPTONSFS*TRIGGERSFS*(fmax(0.0,PDF_RELIC)*internalNormFactors.at(""PDF_RELIC""))*1.0*DOWEIGHTS""",-,1,-,-,-,-,-,-,-,-,-,-,-,-,-,-,-,-,-,1,1,1,-,1,1,1,-,-,,,,,,,,,,,,,,,,,,,,,,,,,,-,-,-,-,-,-,-,-,-,-,-,-,-,-,-,-,-,-,-,-,-,-,-,-,-,-,-,-,-,-,-,-,-,-,-,-,-,-,-,-,-,-,-,-,-,-,-,-
#,,,,,,,,,,,,,,,,,,,,,,,,,,,,,,,,,,,,,,,,,,,,,,,,,,,,,,,,,,,,,,,,,,,,,,,,,,,,,,,,,,,,,,,,,,,,,,,,,,,,,,,,
CMS_ttHbb_scaleMuF_ttbbNLO,shape,weight,"""dummyWeight_CMS_ttH_scaleMuF_ttbbNLO_Up:=DEFAULTWEIGHT*LEPTONSFS*TRIGGERSFS*(MUFUPTTBB)*1.0*DOWEIGHTS""","""dummyWeight_CMS_ttH_scaleMuF_ttbbNLO_Down:=DEFAULTWEIGHT*LEPTONSFS*TRIGGERSFS*(MUFDOWNTTBB)*1.0*DOWEIGHTS""",1,-,-,-,-,-,-,-,-,-,-,-,-,-,-,-,-,1,1,1,1,-,1,1,1,1,-,,,,,,,,,,,,,,,,,,,,,,,,,,-,-,-,-,-,-,-,-,-,-,-,-,-,-,-,-,-,-,-,-,-,-,-,-,-,-,-,-,-,-,-,-,-,-,-,-,-,-,-,-,-,-,-,-,-,-,-,-
CMS_ttHbb_scaleMuF,shape,weight,"""dummyWeight_CMS_ttH_scaleMuF_Up:=DEFAULTWEIGHT*LEPTONSFS*TRIGGERSFS*(MUFUPTTNONBB)*1.0*DOWEIGHTS""","""dummyWeight_CMS_ttH_scaleMuF_Down:=DEFAULTWEIGHT*LEPTONSFS*TRIGGERSFS*(MUFDOWNTTNONBB)*1.0*DOWEIGHTS""",1,-,-,-,-,-,-,-,-,-,-,-,-,-,-,-,-,1,1,1,1,1,-,-,-,1,-,,,,,,,,,,,,,,,,,,,,,,,,,,-,-,-,-,-,-,-,-,-,-,-,-,-,-,-,-,-,-,-,-,-,-,-,-,-,-,-,-,-,-,-,-,-,-,-,-,-,-,-,-,-,-,-,-,-,-,-,-
CMS_ttHbb_scaleMuF_ttH,shape,weight,"""dummyWeight_CMS_ttH_scaleMuF_ttH_Up:=DEFAULTWEIGHT*LEPTONSFS*TRIGGERSFS*Weight_scale_variation_muR_1p0_muF_2p0*internalNormFactors.at(""Weight_scale_variation_muR_1p0_muF_2p0"")*1.0*DOWEIGHTS""","""dummyWeight_CMS_ttH_scaleMuF_ttH_Down:=DEFAULTWEIGHT*LEPTONSFS*TRIGGERSFS*Weight_scale_variation_muR_1p0_muF_0p5*internalNormFactors.at(""Weight_scale_variation_muR_1p0_muF_0p5"")*1.0*DOWEIGHTS""",1,1,1,1,1,1,1,1,1,1,1,1,1,1,1,1,1,-,-,-,-,-,-,-,-,-,-,,,,,,,,,,,,,,,,,,,,,,,,,,1,1,1,1,1,1,1,1,1,1,1,1,1,1,1,1,1,1,1,1,1,1,1,1,1,1,1,1,1,1,1,1,1,1,1,1,1,1,1,1,1,1,1,1,1,1,1,1
CMS_ttHbb_scaleMuF_tHq,shape,weight,"""dummyWeight_CMS_ttH_scaleMuF_tHq_Up:=DEFAULTWEIGHT*LEPTONSFS*TRIGGERSFS*Weight_scale_variation_muR_1p0_muF_2p0*internalNormFactors.at(""Weight_scale_variation_muR_1p0_muF_2p0"")*1.0*DOWEIGHTS""","""dummyWeight_CMS_ttH_scaleMuF_tHq_Down:=DEFAULTWEIGHT*LEPTONSFS*TRIGGERSFS*Weight_scale_variation_muR_1p0_muF_0p5*internalNormFactors.at(""Weight_scale_variation_muR_1p0_muF_0p5"")*1.0*DOWEIGHTS""",1,-,-,-,-,-,-,-,-,-,-,-,-,-,-,-,-,-,-,-,-,-,-,-,-,-,-,,,,,,,,,,,1,1,1,1,1,1,1,1,1,1,,,,,,-,-,-,-,-,-,-,-,-,-,-,-,-,-,-,-,-,-,-,-,-,-,-,-,-,-,-,-,-,-,-,-,-,-,-,-,-,-,-,-,-,-,-,-,-,-,-,-
CMS_ttHbb_scaleMuF_tHW,shape,weight,"""dummyWeight_CMS_ttH_scaleMuF_tHW_Up:=DEFAULTWEIGHT*LEPTONSFS*TRIGGERSFS*Weight_scale_variation_muR_1p0_muF_2p0*internalNormFactors.at(""Weight_scale_variation_muR_1p0_muF_2p0"")*1.0*DOWEIGHTS""","""dummyWeight_CMS_ttH_scaleMuF_tHW_Down:=DEFAULTWEIGHT*LEPTONSFS*TRIGGERSFS*Weight_scale_variation_muR_1p0_muF_0p5*internalNormFactors.at(""Weight_scale_variation_muR_1p0_muF_0p5"")*1.0*DOWEIGHTS""",1,-,-,-,-,-,-,-,-,-,-,-,-,-,-,-,-,-,-,-,-,-,-,-,-,-,-,1,1,1,1,1,1,1,1,1,1,,,,,,,,,,,,,,,,-,-,-,-,-,-,-,-,-,-,-,-,-,-,-,-,-,-,-,-,-,-,-,-,-,-,-,-,-,-,-,-,-,-,-,-,-,-,-,-,-,-,-,-,-,-,-,-
#,,,,,,,,,,,,,,,,,,,,,,,,,,,,,,,,,,,,,,,,,,,,,,,,,,,,,,,,,,,,,,,,,,,,,,,,,,,,,,,,,,,,,,,,,,,,,,,,,,,,,,,,
CMS_ttHbb_scaleMuR,shape,weight,"""dummyWeight_CMS_ttH_scaleMuR_Up:=DEFAULTWEIGHT*LEPTONSFS*TRIGGERSFS*(MURUPTTNONBB)*1.0*DOWEIGHTS""","""dummyWeight_CMS_ttH_scaleMuR_Down:=DEFAULTWEIGHT*LEPTONSFS*TRIGGERSFS*(MURDOWNTTNONBB)*1.0*DOWEIGHTS""",1,-,-,-,-,-,-,-,-,-,-,-,-,-,-,-,-,1,1,1,1,1,-,-,-,1,-,,,,,,,,,,,,,,,,,,,,,,,,,,-,-,-,-,-,-,-,-,-,-,-,-,-,-,-,-,-,-,-,-,-,-,-,-,-,-,-,-,-,-,-,-,-,-,-,-,-,-,-,-,-,-,-,-,-,-,-,-
CMS_ttHbb_scaleMuR_ttbbNLO,shape,weight,"""dummyWeight_CMS_ttH_scaleMuR_ttbbNLO_Up:=DEFAULTWEIGHT*LEPTONSFS*TRIGGERSFS*(MURUPTTBB)*1.0*DOWEIGHTS""","""dummyWeight_CMS_ttH_scaleMuR_ttbbNLO_Down:=DEFAULTWEIGHT*LEPTONSFS*TRIGGERSFS*(MURDOWNTTBB)*1.0*DOWEIGHTS""",1,-,-,-,-,-,-,-,-,-,-,-,-,-,-,-,-,1,1,1,1,-,1,1,1,1,-,,,,,,,,,,,,,,,,,,,,,,,,,,-,-,-,-,-,-,-,-,-,-,-,-,-,-,-,-,-,-,-,-,-,-,-,-,-,-,-,-,-,-,-,-,-,-,-,-,-,-,-,-,-,-,-,-,-,-,-,-
CMS_ttHbb_scaleMuR_ttH,shape,weight,"""dummyWeight_CMS_ttH_scaleMuR_ttH_Up:=DEFAULTWEIGHT*LEPTONSFS*TRIGGERSFS*Weight_scale_variation_muR_2p0_muF_1p0*internalNormFactors.at(""Weight_scale_variation_muR_2p0_muF_1p0"")*1.0*DOWEIGHTS""","""dummyWeight_CMS_ttH_scaleMuR_ttH_Down:=DEFAULTWEIGHT*LEPTONSFS*TRIGGERSFS*Weight_scale_variation_muR_0p5_muF_1p0*internalNormFactors.at(""Weight_scale_variation_muR_0p5_muF_1p0"")*1.0*DOWEIGHTS""",1,1,1,1,1,1,1,1,1,1,1,1,1,1,1,1,1,-,-,-,-,-,-,-,-,-,-,,,,,,,,,,,,,,,,,,,,,,,,,,1,1,1,1,1,1,1,1,1,1,1,1,1,1,1,1,1,1,1,1,1,1,1,1,1,1,1,1,1,1,1,1,1,1,1,1,1,1,1,1,1,1,1,1,1,1,1,1
CMS_ttHbb_scaleMuR_tHq,shape,weight,"""dummyWeight_CMS_ttH_scaleMuR_tHq_Up:=DEFAULTWEIGHT*LEPTONSFS*TRIGGERSFS*Weight_scale_variation_muR_2p0_muF_1p0*internalNormFactors.at(""Weight_scale_variation_muR_2p0_muF_1p0"")*1.0*DOWEIGHTS""","""dummyWeight_CMS_ttH_scaleMuR_tHq_Down:=DEFAULTWEIGHT*LEPTONSFS*TRIGGERSFS*Weight_scale_variation_muR_0p5_muF_1p0*internalNormFactors.at(""Weight_scale_variation_muR_0p5_muF_1p0"")*1.0*DOWEIGHTS""",1,-,-,-,-,-,-,-,-,-,-,-,-,-,-,-,-,-,-,-,-,-,-,-,-,-,-,,,,,,,,,,,1,1,1,1,1,1,1,1,1,1,,,,,,-,-,-,-,-,-,-,-,-,-,-,-,-,-,-,-,-,-,-,-,-,-,-,-,-,-,-,-,-,-,-,-,-,-,-,-,-,-,-,-,-,-,-,-,-,-,-,-
CMS_ttHbb_scaleMuR_tHW,shape,weight,"""dummyWeight_CMS_ttH_scaleMuR_tHW_Up:=DEFAULTWEIGHT*LEPTONSFS*TRIGGERSFS*Weight_scale_variation_muR_2p0_muF_1p0*internalNormFactors.at(""Weight_scale_variation_muR_2p0_muF_1p0"")*1.0*DOWEIGHTS""","""dummyWeight_CMS_ttH_scaleMuR_tHW_Down:=DEFAULTWEIGHT*LEPTONSFS*TRIGGERSFS*Weight_scale_variation_muR_0p5_muF_1p0*internalNormFactors.at(""Weight_scale_variation_muR_0p5_muF_1p0"")*1.0*DOWEIGHTS""",1,-,-,-,-,-,-,-,-,-,-,-,-,-,-,-,-,-,-,-,-,-,-,-,-,-,-,1,1,1,1,1,1,1,1,1,1,,,,,,,,,,,,,,,,-,-,-,-,-,-,-,-,-,-,-,-,-,-,-,-,-,-,-,-,-,-,-,-,-,-,-,-,-,-,-,-,-,-,-,-,-,-,-,-,-,-,-,-,-,-,-,-
#,,,,,,,,,,,,,,,,,,,,,,,,,,,,,,,,,,,,,,,,,,,,,,,,,,,,,,,,,,,,,,,,,,,,,,,,,,,,,,,,,,,,,,,,,,,,,,,,,,,,,,,,
ttH_scale_lowpt,shape,weight,"""dummyWeight_ttH_scale_lowpt_Up:=DEFAULTWEIGHT*LEPTONSFS*TRIGGERSFS*Weight_scale_variation_muR_2p0_muF_2p0*BOTHUP_STXS*1.0*DOWEIGHTS""","""dummyWeight_ttH_scale_lowpt_Down:=DEFAULTWEIGHT*LEPTONSFS*TRIGGERSFS*Weight_scale_variation_muR_0p5_muF_0p5*BOTHDOWN_STXS*1.0*DOWEIGHTS""",1,,1,1,1,1,,,,,,,,,,,,,,,,,,,,,,,,,,,,,,,,,,,,,,,,,,,,,,,1,1,1,1,1,1,1,1,1,1,1,1,1,1,1,1,1,1,1,1,1,1,1,1,1,1,1,1,1,1,1,1,,,,,,,,,,,,,,,,
ttH_scale_highpt,shape,weight,"""dummyWeight_ttH_scale_highpt_Up:=DEFAULTWEIGHT*LEPTONSFS*TRIGGERSFS*Weight_scale_variation_muR_2p0_muF_2p0*BOTHUP_STXS*1.0*DOWEIGHTS""","""dummyWeight_ttH_scale_highpt_Down:=DEFAULTWEIGHT*LEPTONSFS*TRIGGERSFS*Weight_scale_variation_muR_0p5_muF_0p5*BOTHDOWN_STXS*1.0*DOWEIGHTS""",1,,,,,,1,1,,,,,,,,,,,,,,,,,,,,,,,,,,,,,,,,,,,,,,,,,,,,,,,,,,,,,,,,,,,,,,,,,,,,,,,,,,,,,1,1,1,1,1,1,1,1,1,1,1,1,1,1,1,1
#,,,,,,,,,,,,,,,,,,,,,,,,,,,,,,,,,,,,,,,,,,,,,,,,,,,,,,,,,,,,,,,,,,,,,,,,,,,,,,,,,,,,,,,,,,,,,,,,,,,,,,,,
ttH_ISR_lowpt,shape,weight,"""dummyWeight_ttH_ISR_lowpt_Up:=DEFAULTWEIGHT*LEPTONSFS*TRIGGERSFS*GenWeight_isr_Def_up*ISRUP_STXS*1.0*DOWEIGHTS""","""dummyWeight_ttH_ISR_lowpt_Down:=DEFAULTWEIGHT*LEPTONSFS*TRIGGERSFS*GenWeight_isr_Def_down*ISRDOWN_STXS*1.0*DOWEIGHTS""",1,,1,1,1,1,,,,,,,,,,,,,,,,,,,,,,,,,,,,,,,,,,,,,,,,,,,,,,,1,1,1,1,1,1,1,1,1,1,1,1,1,1,1,1,1,1,1,1,1,1,1,1,1,1,1,1,1,1,1,1,,,,,,,,,,,,,,,,
ttH_ISR_highpt,shape,weight,"""dummyWeight_ttH_ISR_highpt_Up:=DEFAULTWEIGHT*LEPTONSFS*TRIGGERSFS*GenWeight_isr_Def_up*ISRUP_STXS*1.0*DOWEIGHTS""","""dummyWeight_ttH_ISR_highpt_Down:=DEFAULTWEIGHT*LEPTONSFS*TRIGGERSFS*GenWeight_isr_Def_down*ISRDOWN_STXS*1.0*DOWEIGHTS""",1,,,,,,1,1,,,,,,,,,,,,,,,,,,,,,,,,,,,,,,,,,,,,,,,,,,,,,,,,,,,,,,,,,,,,,,,,,,,,,,,,,,,,,1,1,1,1,1,1,1,1,1,1,1,1,1,1,1,1
ttH_FSR_lowpt,shape,weight,"""dummyWeight_ttH_FSR_lowpt_Up:=DEFAULTWEIGHT*LEPTONSFS*TRIGGERSFS*GenWeight_fsr_Def_up*FSRUP_STXS*1.0*DOWEIGHTS""","""dummyWeight_ttH_FSR_lowpt_Down:=DEFAULTWEIGHT*LEPTONSFS*TRIGGERSFS*GenWeight_fsr_Def_down*FSRDOWN_STXS*1.0*DOWEIGHTS""",1,,1,1,1,1,,,,,,,,,,,,,,,,,,,,,,,,,,,,,,,,,,,,,,,,,,,,,,,1,1,1,1,1,1,1,1,1,1,1,1,1,1,1,1,1,1,1,1,1,1,1,1,1,1,1,1,1,1,1,1,,,,,,,,,,,,,,,,
ttH_FSR_highpt,shape,weight,"""dummyWeight_ttH_FSR_highpt_Up:=DEFAULTWEIGHT*LEPTONSFS*TRIGGERSFS*GenWeight_fsr_Def_up*FSRUP_STXS*1.0*DOWEIGHTS""","""dummyWeight_ttH_FSR_highpt_Down:=DEFAULTWEIGHT*LEPTONSFS*TRIGGERSFS*GenWeight_fsr_Def_down*FSRDOWN_STXS*1.0*DOWEIGHTS""",1,,,,,,1,1,,,,,,,,,,,,,,,,,,,,,,,,,,,,,,,,,,,,,,,,,,,,,,,,,,,,,,,,,,,,,,,,,,,,,,,,,,,,,1,1,1,1,1,1,1,1,1,1,1,1,1,1,1,1
#,,,,,,,,,,,,,,,,,,,,,,,,,,,,,,,,,,,,,,,,,,,,,,,,,,,,,,,,,,,,,,,,,,,,,,,,,,,,,,,,,,,,,,,,,,,,,,,,,,,,,,,,
CMS_ttHbb_ISR_ttH,shape,weight,"""weight_ISR_ttH_Up:=(DEFAULTWEIGHT*LEPTONSFS*TRIGGERSFS*GenWeight_isr_Def_up*internalNormFactors.at(""GenWeight_isr_Def_up""))*DOWEIGHTS""","""weight_ISR_ttH_Down:=(DEFAULTWEIGHT*LEPTONSFS*TRIGGERSFS*GenWeight_isr_Def_down*internalNormFactors.at(""GenWeight_isr_Def_down""))*DOWEIGHTS""",1,1,1,1,1,1,1,1,-,-,1,1,1,1,1,1,1,,,,,,,,,,,,,,,,,,,,,,,,,,,,,,,,,,,,1,1,1,1,1,1,1,1,1,1,1,1,1,1,1,1,1,1,1,1,1,1,1,1,1,1,1,1,1,1,1,1,1,1,1,1,1,1,1,1,1,1,1,1,1,1,1,1
CMS_ttHbb_ISR_ttbb,shape,weight,"""weight_ISR_ttbb_Up:=(DEFAULTWEIGHT*LEPTONSFS*TRIGGERSFS*(ISRUPTTBB))*DOWEIGHTS""","""weight_ISR_ttbb_Down:=(DEFAULTWEIGHT*LEPTONSFS*TRIGGERSFS*(ISRDOWNTTBB))*DOWEIGHTS""",1,,,,,,,,,,,,,,,,,1,1,1,1,1,1,1,1,1,,,,,,,,,,,,,,,,,,,,,,,,,,,,,,,,,,,,,,,,,,,,,,,,,,,,,,,,,,,,,,,,,,,,,,,,,,
CMS_ttHbb_ISR_ttcc,shape,weight,"""weight_ISR_ttcc_Up:=(DEFAULTWEIGHT*LEPTONSFS*TRIGGERSFS*(ISRUPTTCC))*DOWEIGHTS""","""weight_ISR_ttcc_Down:=(DEFAULTWEIGHT*LEPTONSFS*TRIGGERSFS*(ISRDOWNTTCC))*DOWEIGHTS""",1,,,,,,,,,,,,,,,,,1,1,,,,,,,1,,,,,,,,,,,,,,,,,,,,,,,,,,,,,,,,,,,,,,,,,,,,,,,,,,,,,,,,,,,,,,,,,,,,,,,,,,
CMS_ttHbb_ISR_ttlf,shape,weight,"""weight_ISR_ttlf_Up:=(DEFAULTWEIGHT*LEPTONSFS*TRIGGERSFS*(ISRUPTTLF))*DOWEIGHTS""","""weight_ISR_ttlf_Down:=(DEFAULTWEIGHT*LEPTONSFS*TRIGGERSFS*(ISRDOWNTTLF))*DOWEIGHTS""",1,,,,,,,,,,,,,,,,,1,1,,,,,,,1,,,,,,,,,,,,,,,,,,,,,,,,,,,,,,,,,,,,,,,,,,,,,,,,,,,,,,,,,,,,,,,,,,,,,,,,,,
#,,,,,,,,,,,,,,,,,,,,,,,,,,,,,,,,,,,,,,,,,,,,,,,,,,,,,,,,,,,,,,,,,,,,,,,,,,,,,,,,,,,,,,,,,,,,,,,,,,,,,,,,
#CMS_ttHbb_ISR_ttbb,shape,weight,"""weight_ISR_ttbb_Up:=(DEFAULTWEIGHT*LEPTONSFS*TRIGGERSFS*GenWeight_isr_Def_up*internalNormFactors.at(""GenWeight_isr_Def_up""))*DOWEIGHTS""","""weight_ISR_ttbb_Down:=(DEFAULTWEIGHT*LEPTONSFS*TRIGGERSFS*GenWeight_isr_Def_down*internalNormFactors.at(""GenWeight_isr_Def_down""))*DOWEIGHTS""",1,,,,,,,,,,,,,,,,,,,,,,,,,,,,,,,,,,,,,,,,,,,,,,,,,,,,,,,,,,,,,,,,,,,,,,,,,,,,,,,,,,,,,,,,,,,,,,,,,,,
#CMS_ttHbb_ISR_ttb,shape,weight,"""weight_ISR_ttb_Up:=(DEFAULTWEIGHT*LEPTONSFS*TRIGGERSFS*GenWeight_isr_Def_up*internalNormFactors.at(""GenWeight_isr_Def_up""))*DOWEIGHTS""","""weight_ISR_ttb_Down:=(DEFAULTWEIGHT*LEPTONSFS*TRIGGERSFS*GenWeight_isr_Def_down*internalNormFactors.at(""GenWeight_isr_Def_down""))*DOWEIGHTS""",1,,,,,,,,,,,,,,,,,,,,,,,,,,,,,,,,,,,,,,,,,,,,,,,,,,,,,,,,,,,,,,,,,,,,,,,,,,,,,,,,,,,,,,,,,,,,,,,,,,,
#CMS_ttHbb_ISR_tt2b,shape,weight,"""weight_ISR_tt2b_Up:=(DEFAULTWEIGHT*LEPTONSFS*TRIGGERSFS*GenWeight_isr_Def_up*internalNormFactors.at(""GenWeight_isr_Def_up""))*DOWEIGHTS""","""weight_ISR_tt2b_Down:=(DEFAULTWEIGHT*LEPTONSFS*TRIGGERSFS*GenWeight_isr_Def_down*internalNormFactors.at(""GenWeight_isr_Def_down""))*DOWEIGHTS""",1,,,,,,,,,,,,,,,,,,,,,,,,,,,,,,,,,,,,,,,,,,,,,,,,,,,,,,,,,,,,,,,,,,,,,,,,,,,,,,,,,,,,,,,,,,,,,,,,,,,
#,,,,,,,,,,,,,,,,,,,,,,,,,,,,,,,,,,,,,,,,,,,,,,,,,,,,,,,,,,,,,,,,,,,,,,,,,,,,,,,,,,,,,,,,,,,,,,,,,,,,,,,,
#,,,,,,,,,,,,,,,,,,,,,,,,,,,,,,,,,,,,,,,,,,,,,,,,,,,,,,,,,,,,,,,,,,,,,,,,,,,,,,,,,,,,,,,,,,,,,,,,,,,,,,,,
CMS_ttHbb_FSR_ttH,shape,weight,"""weight_FSR_ttH_Up:=(DEFAULTWEIGHT*LEPTONSFS*TRIGGERSFS*GenWeight_fsr_Def_up*internalNormFactors.at(""GenWeight_fsr_Def_up""))*DOWEIGHTS""","""weight_FSR_ttH_Down:=(DEFAULTWEIGHT*LEPTONSFS*TRIGGERSFS*GenWeight_fsr_Def_down*internalNormFactors.at(""GenWeight_fsr_Def_down""))*DOWEIGHTS""",1,,,,,,,,-,-,,,,,,,,,,,,,,,,,,,,,,,,,,,,,,,,,,,,,,,,,,,,,,,,,,,,,,,,,,,,,,,,,,,,,,,,,,,,,,,,,,,,,,,,,,
CMS_ttHbb_FSR_ttbb,shape,weight,"""weight_FSR_ttbb_Up:=(DEFAULTWEIGHT*LEPTONSFS*TRIGGERSFS*(FSRUPTTBB))*DOWEIGHTS""","""weight_FSR_ttbb_Down:=(DEFAULTWEIGHT*LEPTONSFS*TRIGGERSFS*(FSRDOWNTTBB))*DOWEIGHTS""",1,,,,,,,,,,,,,,,,,1,1,1,1,1,1,1,1,1,,,,,,,,,,,,,,,,,,,,,,,,,,,,,,,,,,,,,,,,,,,,,,,,,,,,,,,,,,,,,,,,,,,,,,,,,,
CMS_ttHbb_FSR_ttcc,shape,weight,"""weight_FSR_ttcc_Up:=(DEFAULTWEIGHT*LEPTONSFS*TRIGGERSFS*(FSRUPTTCC))*DOWEIGHTS""","""weight_FSR_ttcc_Down:=(DEFAULTWEIGHT*LEPTONSFS*TRIGGERSFS*(FSRDOWNTTCC))*DOWEIGHTS""",1,,,,,,,,,,,,,,,,,1,1,,,,,,,1,,,,,,,,,,,,,,,,,,,,,,,,,,,,,,,,,,,,,,,,,,,,,,,,,,,,,,,,,,,,,,,,,,,,,,,,,,
CMS_ttHbb_FSR_ttlf,shape,weight,"""weight_FSR_ttlf_Up:=(DEFAULTWEIGHT*LEPTONSFS*TRIGGERSFS*(FSRUPTTLF))*DOWEIGHTS""","""weight_FSR_ttlf_Down:=(DEFAULTWEIGHT*LEPTONSFS*TRIGGERSFS*(FSRDOWNTTLF))*DOWEIGHTS""",1,,,,,,,,,,,,,,,,,1,1,,,,,,,1,,,,,,,,,,,,,,,,,,,,,,,,,,,,,,,,,,,,,,,,,,,,,,,,,,,,,,,,,,,,,,,,,,,,,,,,,,
#,,,,,,,,,,,,,,,,,,,,,,,,,,,,,,,,,,,,,,,,,,,,,,,,,,,,,,,,,,,,,,,,,,,,,,,,,,,,,,,,,,,,,,,,,,,,,,,,,,,,,,,,
#CMS_ttHbb_FSR_ttbb,shape,weight,"""weight_FSR_ttbb_Up:=(DEFAULTWEIGHT*LEPTONSFS*TRIGGERSFS*GenWeight_fsr_Def_up*internalNormFactors.at(""GenWeight_fsr_Def_up""))*DOWEIGHTS""","""weight_FSR_ttbb_Down:=(DEFAULTWEIGHT*LEPTONSFS*TRIGGERSFS*GenWeight_fsr_Def_down*internalNormFactors.at(""GenWeight_fsr_Def_down""))*DOWEIGHTS""",1,,,,,,,,,,,,,,,,,,,,,,,,,,,,,,,,,,,,,,,,,,,,,,,,,,,,,,,,,,,,,,,,,,,,,,,,,,,,,,,,,,,,,,,,,,,,,,,,,,,
#CMS_ttHbb_FSR_ttb,shape,weight,"""weight_FSR_ttb_Up:=(DEFAULTWEIGHT*LEPTONSFS*TRIGGERSFS*GenWeight_fsr_Def_up*internalNormFactors.at(""GenWeight_fsr_Def_up""))*DOWEIGHTS""","""weight_FSR_ttb_Down:=(DEFAULTWEIGHT*LEPTONSFS*TRIGGERSFS*GenWeight_fsr_Def_down*internalNormFactors.at(""GenWeight_fsr_Def_down""))*DOWEIGHTS""",1,,,,,,,,,,,,,,,,,,,,,,,,,,,,,,,,,,,,,,,,,,,,,,,,,,,,,,,,,,,,,,,,,,,,,,,,,,,,,,,,,,,,,,,,,,,,,,,,,,,
#CMS_ttHbb_FSR_tt2b,shape,weight,"""weight_FSR_tt2b_Up:=(DEFAULTWEIGHT*LEPTONSFS*TRIGGERSFS*GenWeight_fsr_Def_up*internalNormFactors.at(""GenWeight_fsr_Def_up""))*DOWEIGHTS""","""weight_FSR_tt2b_Down:=(DEFAULTWEIGHT*LEPTONSFS*TRIGGERSFS*GenWeight_fsr_Def_down*internalNormFactors.at(""GenWeight_fsr_Def_down""))*DOWEIGHTS""",1,,,,,,,,,,,,,,,,,,,,,,,,,,,,,,,,,,,,,,,,,,,,,,,,,,,,,,,,,,,,,,,,,,,,,,,,,,,,,,,,,,,,,,,,,,,,,,,,,,,
#,,,,,,,,,,,,,,,,,,,,,,,,,,,,,,,,,,,,,,,,,,,,,,,,,,,,,,,,,,,,,,,,,,,,,,,,,,,,,,,,,,,,,,,,,,,,,,,,,,,,,,,,
CMS_ttHbb_HDAMP_ttbb,shape,variation,/nfs/dust/cms/group/ttx-kit/ntuples_ttH/2017/TTbb*hdampUP*/*nominal*.root,/nfs/dust/cms/group/ttx-kit/ntuples_ttH/2017/TTbb*hdampDOWN*/*nominal*.root,1,,,,,,,,,,,,,,,,,,1,1,1,,,,,,,,,,,,,,,,,,,,,,,,,,,,,,,,,,,,,,,,,,,,,,,,,,,,,,,,,,,,,,,,,,,,,,,,,,,,,,,
CMS_ttHbb_HDAMP_ttbb_5FS,shape,variation,/nfs/dust/cms/group/ttx-kit/ntuples_ttH/2017/TTTo*hdampUP*/*nominal*.root,/nfs/dust/cms/group/ttx-kit/ntuples_ttH/2017/TTTo*hdampDOWN*/*nominal*.root,1,,,,,,,,,,,,,,,,,,,,,1,,,,,,,,,,,,,,,,,,,,,,,,,,,,,,,,,,,,,,,,,,,,,,,,,,,,,,,,,,,,,,,,,,,,,,,,,,,,,,
CMS_ttHbb_HDAMP_ttcc,shape,variation,/nfs/dust/cms/group/ttx-kit/ntuples_ttH/2017/TTTo*hdampUP*/*nominal*.root,/nfs/dust/cms/group/ttx-kit/ntuples_ttH/2017/TTTo*hdampDOWN*/*nominal*.root,1,,,,,,,,,,,,,,,,,,,,,,,,,1,,,,,,,,,,,,,,,,,,,,,,,,,,,,,,,,,,,,,,,,,,,,,,,,,,,,,,,,,,,,,,,,,,,,,,,,,,
CMS_ttHbb_HDAMP_ttlf,shape,variation,/nfs/dust/cms/group/ttx-kit/ntuples_ttH/2017/TTTo*hdampUP*/*nominal*.root,/nfs/dust/cms/group/ttx-kit/ntuples_ttH/2017/TTTo*hdampDOWN*/*nominal*.root,1,,,,,,,,,,,,,,,,,1,,,,,,,,,,,,,,,,,,,,,,,,,,,,,,,,,,,,,,,,,,,,,,,,,,,,,,,,,,,,,,,,,,,,,,,,,,,,,,,,,,
#CMS_ttHbb_UE_ttbb,shape,variation,,,1,,,,,,,,,,,,,,,,,,,,,,,,,,,,,,,,,,,,,,,,,,,,,,,,,,,,,,,,,,,,,,,,,,,,,,,,,,,,,,,,,,,,,,,,,,,,,,,,,,,
CMS_ttHbb_UE_ttbb_5FS,shape,variation,/nfs/dust/cms/group/ttx-kit/ntuples_ttH/2017/TTTo*TuneCP5up*/*nominal*.root,/nfs/dust/cms/group/ttx-kit/ntuples_ttH/2017/TTTo*TuneCP5down*/*nominal*.root,1,,,,,,,,,,,,,,,,,,,,,1,,,,,,,,,,,,,,,,,,,,,,,,,,,,,,,,,,,,,,,,,,,,,,,,,,,,,,,,,,,,,,,,,,,,,,,,,,,,,,
CMS_ttHbb_UE_ttcc,shape,variation,/nfs/dust/cms/group/ttx-kit/ntuples_ttH/2017/TTTo*TuneCP5up*/*nominal*.root,/nfs/dust/cms/group/ttx-kit/ntuples_ttH/2017/TTTo*TuneCP5down*/*nominal*.root,1,,,,,,,,,,,,,,,,,,,,,,,,,1,,,,,,,,,,,,,,,,,,,,,,,,,,,,,,,,,,,,,,,,,,,,,,,,,,,,,,,,,,,,,,,,,,,,,,,,,,
CMS_ttHbb_UE_ttlf,shape,variation,/nfs/dust/cms/group/ttx-kit/ntuples_ttH/2017/TTTo*TuneCP5up*/*nominal*.root,/nfs/dust/cms/group/ttx-kit/ntuples_ttH/2017/TTTo*TuneCP5down*/*nominal*.root,1,,,,,,,,,,,,,,,,,1,,,,,,,,,,,,,,,,,,,,,,,,,,,,,,,,,,,,,,,,,,,,,,,,,,,,,,,,,,,,,,,,,,,,,,,,,,,,,,,,,,
